Label,True Positives (TP),True Negatives (TN),False Positives (FP),False Negatives (FN),Precision,Recall,F-measure
Murder,66,507,514,113,0.11379310344827587,0.3687150837988827,0.17391304347826086
Homicide,54,589,432,125,0.1111111111111111,0.3016759776536313,0.16240601503759397
Robbery,127,426,565,82,0.18352601156069365,0.6076555023923444,0.2819089900110988
Physical Injuries,96,570,449,85,0.1761467889908257,0.5303867403314917,0.2644628099173554
Rape,54,788,212,146,0.20300751879699247,0.27,0.2317596566523605
Theft,87,663,379,71,0.18669527896995708,0.5506329113924051,0.27884615384615385
Carnapping,90,403,649,58,0.12178619756427606,0.6081081081081081,0.20293122886133033
Others,49,710,337,104,0.12694300518134716,0.3202614379084967,0.18181818181818182
